id,first_name,last_name,email,phone,position,expected_salary,start_date,experience,file_attachement,created_at,updated_at
1,Otis,Buddle,obuddle0@bandcamp.com,570-148-0996,Regional Field Engineer,36953,2019-05-03 05:00:35,"Maecenas pulvinar lobortis est. Phasellus sit amet erat. Nulla tempus. Vivamus in felis eu sapien cursus vestibulum. Proin eu mi. Nulla ac enim. In tempor, turpis nec euismod scelerisque, quam turpis adipiscing lorem, vitae mattis nibh ligula nec sem. Duis aliquam convallis nunc. Proin at turpis a pede posuere nonummy. Integer non velit.",morbi.ppt,2016-08-26 02:35:00,2017-07-13 02:45:02
2,Maxi,Corradino,mcorradino1@e-recht24.de,931-340-6117,Technical Sales Representative,53844,2019-06-03 01:43:08,Integer ac neque. Duis bibendum. Morbi non quam nec dui luctus rutrum. Nulla tellus. In sagittis dui vel nisl. Duis ac nibh.,id massa.ppt,2016-07-25 14:40:13,2018-10-30 11:14:37
3,Kerwinn,Scrimshaw,kscrimshaw2@opera.com,598-833-5616,Account Professional,43277,2019-03-29 00:09:38,"Nunc purus. Phasellus in felis. Donec semper sapien a libero. Nam dui. Proin leo odio, porttitor id, consequat in, consequat ut, nulla. Sed accumsan felis.",at velit.pdf,2016-09-19 23:41:52,2018-11-29 21:40:15
4,Drona,Beeswing,dbeeswing3@google.co.uk,992-427-2752,Technical Sales Representative,31938,2019-05-11 12:33:03,Etiam pretium iaculis justo. In hac habitasse platea dictumst. Etiam faucibus cursus urna. Ut tellus. Nulla ut erat id mauris vulputate elementum. Nullam varius. Nulla facilisi. Cras non velit nec nisi vulputate nonummy. Maecenas tincidunt lacus at velit. Vivamus vel nulla eget eros elementum pellentesque.,ac.ppt,2016-09-03 07:49:18,2018-01-10 23:13:11
5,Pepillo,Poundsford,ppoundsford4@163.com,201-840-1399,Technical Sales Representative,33227,2019-06-04 09:46:18,"In hac habitasse platea dictumst. Aliquam augue quam, sollicitudin vitae, consectetuer eget, rutrum at, lorem. Integer tincidunt ante vel ipsum. Praesent blandit lacinia erat. Vestibulum sed magna at nunc commodo placerat. Praesent blandit. Nam nulla. Integer pede justo, lacinia eget, tincidunt eget, tempus vel, pede. Morbi porttitor lorem id ligula. Suspendisse ornare consequat lectus.",at.pdf,2016-04-25 20:41:06,2018-03-23 14:39:29
6,Addy,Orviss,aorviss5@vistaprint.com,273-805-3522,Technical Sales Representative,58129,2019-05-02 14:57:39,"Phasellus sit amet erat. Nulla tempus. Vivamus in felis eu sapien cursus vestibulum. Proin eu mi. Nulla ac enim. In tempor, turpis nec euismod scelerisque, quam turpis adipiscing lorem, vitae mattis nibh ligula nec sem. Duis aliquam convallis nunc.",lectus suspendisse.doc,2016-12-23 20:25:46,2018-12-26 22:02:55
7,Kissie,Archbould,karchbould6@tmall.com,843-845-6228,Regional Field Engineer,40016,2019-05-28 16:30:20,"Proin at turpis a pede posuere nonummy. Integer non velit. Donec diam neque, vestibulum eget, vulputate ut, ultrices vel, augue. Vestibulum ante ipsum primis in faucibus orci luctus et ultrices posuere cubilia Curae; Donec pharetra, magna vestibulum aliquet ultrices, erat tortor sollicitudin mi, sit amet lobortis sapien sapien non mi. Integer ac neque. Duis bibendum. Morbi non quam nec dui luctus rutrum. Nulla tellus.",aliquet ultrices erat.xls,2017-04-26 10:25:21,2019-03-01 03:46:57
8,Derrick,Raun,draun7@lulu.com,543-939-4751,Regional Field Engineer,56154,2019-04-08 18:04:33,"Donec vitae nisi. Nam ultrices, libero non mattis pulvinar, nulla pede ullamcorper augue, a suscipit nulla elit ac nulla. Sed vel enim sit amet nunc viverra dapibus. Nulla suscipit ligula in lacus. Curabitur at ipsum ac tellus semper interdum. Mauris ullamcorper purus sit amet nulla. Quisque arcu libero, rutrum ac, lobortis vel, dapibus at, diam. Nam tristique tortor eu pede.",sem fusce consequat.ppt,2017-02-28 22:14:17,2018-06-15 10:56:43
9,Angele,Snooks,asnooks8@jiathis.com,194-107-0045,Account Professional,36319,2019-05-27 08:49:54,"Aenean sit amet justo. Morbi ut odio. Cras mi pede, malesuada in, imperdiet et, commodo vulputate, justo. In blandit ultrices enim. Lorem ipsum dolor sit amet, consectetuer adipiscing elit.",ornare imperdiet sapien.ppt,2016-04-30 16:32:16,2018-04-10 00:29:49
10,Hoebart,Philliskirk,hphilliskirk9@youtu.be,711-854-2833,Account Professional,32171,2019-03-14 22:48:26,"Duis mattis egestas metus. Aenean fermentum. Donec ut mauris eget massa tempor convallis. Nulla neque libero, convallis eget, eleifend luctus, ultricies eu, nibh. Quisque id justo sit amet sapien dignissim vestibulum. Vestibulum ante ipsum primis in faucibus orci luctus et ultrices posuere cubilia Curae; Nulla dapibus dolor vel est.",proin interdum.xls,2016-06-25 06:41:25,2018-02-21 08:37:48
