id,user_id,address_id,company_name,full_name,phone,email,company_description,full_name_of_service_technical,phone_of_service_technical,email_of_service_technical,created_at,updated_at
1,1,1,Medhurst Inc,Ollie McDavid,438-782-3225,hjarad0@go.com,harness magnetic convergence,Hilliary Jarad,565-506-6926,hjarad0@discovery.com,2017-01-16 23:01:48,2018-05-03 10:25:19
2,2,3,Mante Inc,Cyrille Chapiro,918-238-7484,mkubicki1@slashdot.org,target ubiquitous networks,Morgan Kubicki,522-663-7266,mkubicki1@free.fr,2016-04-23 02:38:45,2017-07-23 23:09:34
3,3,5,Nitzsche-Waelchi,Alli Ormesher,418-222-3333,tlepard2@facebook.com,disintermediate collaborative supply-chains,Timothy Lepard,647-800-9448,tlepard2@marketwatch.com,2016-11-14 17:18:23,2018-07-06 15:45:27
4,4,7,Hermiston-Graham,Hillery Dunsmuir,418-222-3333,ecorby3@google.ru,redefine integrated infrastructures,Emmey Corby,980-739-0614,ecorby3@usatoday.com,2016-09-07 18:12:11,2017-11-17 03:05:37
5,5,9,Krajcik-Gerlach,Brock Durnford,418-222-3333,mhinzer4@bizjournals.com,streamline back-end paradigms,Meghan Hinzer,994-343-5854,mhinzer4@cbc.ca,2017-01-12 01:25:22,2017-12-07 07:47:46
6,6,11,"Pollich, Jacobi and Dibbert",Benedict Arend,418-222-3333,ekehir5@ucoz.ru,harness open-source initiatives,Eloise Kehir,785-581-0583,ekehir5@japanpost.jp,2016-12-08 15:50:56,2017-10-09 21:32:04
7,7,13,"Auer, Haag and Monahan",Gusta Phettis,418-222-3333,awaterstone6@google.nl,morph wireless users,Aubrey Waterstone,671-545-6732,awaterstone6@nytimes.com,2016-03-22 13:03:42,2017-08-02 15:36:14
8,8,15,Schamberger LLC,Adams Sowte,418-222-3333,aquogan7@lulu.com,transform value-added users,Alair Quogan,944-685-3882,aquogan7@discovery.com,2016-04-09 11:46:14,2017-09-17 01:13:16
9,9,17,Price and Sons,Del Giorgi,418-222-3333,mmcdell8@homestead.com,architect seamless models,Mariele McDell,617-675-8428,mmcdell8@trellian.com,2017-05-11 07:53:33,2017-07-26 18:27:51
10,10,19,"Reichert, Hills and Grimes",Haleigh Bernardos,418-222-3333,dmcgrotty9@mediafire.com,enable strategic channels,Dav McGrotty,218-849-8892,dmcgrotty9@google.com.au,2016-12-04 19:56:28,2017-12-17 03:51:54
11,11,21,Leannon-Bode,Katey Jupp,418-222-3333,rtingeya@spotify.com,engage dot-com metrics,Rem Tingey,109-199-4054,rtingeya@globo.com,2016-11-29 01:29:14,2017-12-10 21:22:32
12,12,23,Emmerich-Hauck,Justinn Kivlin,418-222-3333,sdianob@alibaba.com,implement web-enabled markets,Shara Diano,746-189-8393,sdianob@goo.gl,2017-04-11 03:35:42,2017-07-28 11:08:06
13,13,25,"Franecki, Kohler and Mante",Howard Pitkins,616-153-9700,sfugglesc@ning.com,revolutionize strategic functionalities,Sloan Fuggles,581-741-2976,sfugglesc@cbslocal.com,2016-10-09 13:14:09,2018-09-02 10:33:21
14,14,27,"Corwin, Halvorson and Steuber",Maurine Southam,214-462-2014,vfealtyd@wikispaces.com,engage clicks-and-mortar partnerships,Vita Fealty,493-892-4511,vfealtyd@geocities.jp,2016-11-10 04:12:54,2018-04-20 03:24:39
15,15,29,Treutel-Maggio,Henrieta Argontt,771-371-8992,zeaglinge@spotify.com,reinvent sexy models,Zackariah Eagling,385-344-0525,zeaglinge@over-blog.com,2016-12-12 18:14:26,2018-07-18 02:19:08
16,16,31,O Keefe Inc,Kasper De Lascy,418-222-3333,lkordesf@hibu.com,drive frictionless e-services,Leilah Kordes,695-342-0751,lkordesf@stumbleupon.com,2017-05-17 01:06:46,2018-08-25 03:43:48
17,17,33,"Price, Harber and Bechtelar",Garth Sharrem,418-222-3333,mvassmang@ask.com,monetize turn-key platforms,Melly Vassman,840-676-8369,mvassmang@liveinternet.ru,2016-07-13 12:19:12,2018-08-16 15:53:50
18,18,35,Treutel-Schroeder,Bendicty Palphreyman,418-222-3333,aouryh@msn.com,repurpose best-of-breed bandwidth,Albrecht Oury,886-862-4265,aouryh@samsung.com,2017-03-04 17:18:25,2019-01-23 23:14:11
19,19,37,Mayert-Cremin,Walden Phebee,455-168-4403,gbloisi@state.tx.us,maximize innovative methodologies,Godfrey Blois,484-655-2249,gbloisi@mit.edu,2016-11-25 18:46:22,2017-11-27 20:13:29
20,20,39,Haley-Heaney,Sterling Jeune,418-222-3333,kyandellj@ucoz.com,recontextualize clicks-and-mortar applications,Karlis Yandell,922-427-5188,kyandellj@dedecms.com,2017-02-28 07:06:54,2017-12-05 04:07:27
21,21,41,"Price, Reilly and Balistreri",Cammie Deevey,418-222-3333,cgodfroyk@meetup.com,iterate revolutionary ROI,Caesar Godfroy,529-717-8621,cgodfroyk@dion.ne.jp,2016-06-09 10:14:11,2018-10-26 05:12:11
22,22,43,Boyle-Lowe,Anya Adger,418-222-3333,mhamsonl@yellowpages.com,optimize value-added users,Marys Hamson,379-146-6353,mhamsonl@npr.org,2016-12-02 05:58:39,2017-08-23 05:41:33
23,23,45,O Conner LLC,Mellisa Stothard,655-874-0305,vbroadeym@smh.com.au,streamline wireless metrics,Vitoria Broadey,897-663-9408,vbroadeym@nymag.com,2016-12-26 22:40:31,2017-07-10 14:20:48
24,24,47,Murray-Rohan,Roxine Pounder,418-222-3333,dskillicornn@independent.co.uk,exploit granular content,Daven Skillicorn,210-478-9177,dskillicornn@example.com,2016-04-03 12:16:40,2017-12-24 04:38:59
25,25,49,Gerhold LLC,Cymbre Andries,418-222-3333,amaccaugheno@cam.ac.uk,morph strategic interfaces,Abbot MacCaughen,148-495-3445,amaccaugheno@reuters.com,2016-09-21 19:32:07,2018-08-27 23:32:46
26,26,51,"Grimes, Leuschke and Beer",Gelya Domican,511-397-2721,bmorriesonp@nifty.com,harness leading-edge ROI,Barry Morrieson,323-972-7661,bmorriesonp@upenn.edu,2016-08-09 20:21:54,2018-07-03 12:32:48
27,27,53,Schulist-Bahringer,Estel Debrick,279-300-9059,jarnallq@about.com,iterate sexy content,Jocelyne Arnall,612-913-5583,jarnallq@imgur.com,2017-05-02 08:09:35,2019-02-02 12:20:55
28,28,55,Rogahn-Smitham,Lowell Obee,844-947-5548,hferraraccior@barnesandnoble.com,target holistic web-readiness,Harmony Ferraraccio,563-821-1648,hferraraccior@histats.com,2016-10-16 10:33:04,2019-01-24 09:01:24
29,29,57,"Kuhlman, Pouros and Brown",Randi Seyler,418-222-3333,blelliotts@mail.ru,enhance cross-platform vortals,Babbie Lelliott,343-455-3992,blelliotts@forbes.com,2016-09-05 05:50:34,2018-11-02 02:29:12
30,30,59,"Greenholt, Kulas and Hoppe",Consalve Tompkin,418-222-3333,amccallumt@hibu.com,enhance back-end methodologies,Ansell McCallum,425-780-2993,amccallumt@is.gd,2016-09-26 02:34:38,2017-09-07 20:00:13
31,31,61,Carter Inc,Matthias Whordley,418-222-3333,adahleru@yahoo.com,unleash value-added deliverables,Ahmed Dahler,853-748-5103,adahleru@usgs.gov,2016-07-11 14:43:19,2018-05-17 14:43:17
32,32,63,Streich Inc,Peyton Sondon,418-222-3333,lhandasidev@booking.com,empower one-to-one platforms,Langston Handaside,576-585-8986,lhandasidev@ameblo.jp,2017-01-17 15:16:13,2018-10-12 00:57:02
33,33,65,Weber LLC,Heloise Doblin,948-626-6386,srentonw@ebay.com,enhance rich applications,Serene Renton,804-620-4959,srentonw@google.cn,2017-02-21 19:28:16,2018-02-18 01:04:46
34,34,67,Balistreri-Gislason,Kirstyn Wakelam,418-222-3333,lmonkleyx@opensource.org,benchmark intuitive relationships,Leone Monkley,842-340-7044,lmonkleyx@soup.io,2016-06-08 16:57:11,2017-09-09 14:41:25
35,35,69,Schneider LLC,Erin Ashton,418-222-3333,catherleyy@psu.edu,envisioneer plug-and-play infrastructures,Clarice Atherley,807-729-1045,catherleyy@simplemachines.org,2016-03-18 11:03:45,2018-11-21 23:54:46
36,36,71,Bergnaum and Sons,Georgia Aleksandrov,418-222-3333,mdutchburnz@free.fr,target mission-critical ROI,Manda Dutchburn,750-539-8708,mdutchburnz@loc.gov,2016-11-13 18:08:49,2018-03-21 07:06:16
37,37,73,Ziemann-Hirthe,Putnam Cuschieri,418-222-3333,brumble10@xrea.com,reinvent user-centric e-services,Berenice Rumble,344-912-7729,brumble10@ca.gov,2016-11-03 07:18:42,2017-12-12 10:35:19
38,38,75,Labadie Inc,Odell Reucastle,418-222-3333,emacterlagh11@yelp.com,evolve seamless synergies,Ezekiel MacTerlagh,546-976-8863,emacterlagh11@hibu.com,2017-02-27 02:08:19,2017-11-09 09:51:17
39,39,77,"Hudson, Kris and Hintz",Larry Spear,418-222-3333,ldolle12@google.ca,exploit proactive initiatives,Lorene Dolle,964-409-2472,ldolle12@joomla.org,2016-08-01 01:47:44,2019-01-04 04:42:59
40,40,79,Bogisich-Reichert,Wylma Whetnall,418-222-3333,mgeater13@state.tx.us,disintermediate robust methodologies,Marcus Geater,475-995-4753,mgeater13@nyu.edu,2016-10-15 15:38:46,2018-10-01 04:15:22
41,41,81,"Kreiger, Cassin and Haley",Melody Malan,418-222-3333,hboynton14@economist.com,synergize e-business systems,Hale Boynton,783-112-0359,hboynton14@ezinearticles.com,2017-01-23 00:25:33,2017-09-27 22:54:31
42,42,83,McClure-Ledner,Rosalinde Currall,184-142-1609,ratger15@constantcontact.com,reintermediate wireless synergies,Rita Atger,366-301-1625,ratger15@bloomberg.com,2017-06-11 23:16:03,2018-10-26 05:22:38
43,43,85,Shields-Wisozk,Matti Spick,418-222-3333,mdickings16@statcounter.com,grow granular web services,Marga Dickings,254-431-9151,mdickings16@lycos.com,2016-11-25 12:33:24,2018-09-18 18:48:27
44,44,87,Effertz-Bergstrom,Isabelle Serrell,418-262-7910mgilder17@xrea.com,whiteboard turn-key synergies,Mackenzie Gilder,539-910-5135,mgilder17@trellian.com,2017-01-31 11:59:41,2018-06-19 14:05:14
45,45,89,"Witting, Ruecker and Volkman",Sol Fansy,418-222-3333,mscurlock18@narod.ru,leverage impactful architectures,Marietta Scurlock,769-363-7980,mscurlock18@github.com,2016-11-27 19:20:13,2018-03-23 01:34:33
46,46,91,Bahringer Inc,Thorin Kerins,418-222-3333,brutgers19@google.it,optimize sticky supply-chains,Beale Rutgers,958-614-8868,brutgers19@live.com,2017-04-27 18:15:57,2018-06-02 10:36:22
47,47,93,"Dare, Little and Hammes",Sinclair Langham,418-222-3333,svooght1a@shutterfly.com,incentivize collaborative deliverables,Stephi Vooght,693-281-7048,svooght1a@cisco.com,2017-02-21 09:54:21,2017-09-07 23:52:46
48,48,95,Feeney Inc,Chester Houten,418-222-3333,ldavidovits1b@ycombinator.com,e-enable global communities,Lefty Davidovits,787-972-0327,ldavidovits1b@nba.com,2016-11-03 00:17:55,2018-01-13 21:25:00
49,49,97,Champlin-Feil,Jeffie Mayoh,418-222-3333,cbyard1c@stanford.edu,visualize global niches,Cathie Byard,737-548-2642,cbyard1c@domainmarket.com,2016-08-17 17:22:53,2018-05-20 17:26:27
50,50,99,Will-Mann,Cristin Pinney,418-222-3333,bcarpmile1d@nbcnews.com,strategize scalable interfaces,Broderick Carpmile,997-513-2054,bcarpmile1d@symantec.com,2017-05-16 20:17:25,2018-08-20 07:51:38
51,51,101,Jacobson-Carter,Patton Breinl,277-298-6508,kmaciver1e@arizona.edu,streamline web-enabled experiences,Karla MacIver,214-927-3338,kmaciver1e@yahoo.co.jp,2016-07-24 04:13:31,2018-07-04 11:39:10
52,52,103,"Moen, Schmitt and Reynolds",Oswell Heggison,418-222-3333,hvivers1f@eventbrite.com,transition real-time functionalities,Henri Vivers,345-623-8745,hvivers1f@blogspot.com,2016-05-17 14:25:29,2017-08-05 02:55:12
53,53,105,Fisher-Kassulke,Bonnie Constantine,389-170-0803,lorrom1g@weather.com,integrate sticky e-services,Lorrie Orrom,725-752-3096,lorrom1g@simplemachines.org,2016-11-06 01:22:29,2017-09-04 14:38:45
54,54,107,Johnson and Sons,Rabi Hune,418-222-3333,pmolson1h@archive.org,matrix B2C networks,Paddy Molson,486-800-0328,pmolson1h@slate.com,2017-05-13 03:13:07,2018-06-02 19:32:51
55,55,109,Walsh-Sipes,Guthrey Lightbowne,418-222-3333,gvalintine1i@unblog.fr,innovate sexy eyeballs,Genevieve Valintine,815-734-1856,gvalintine1i@patch.com,2016-12-24 00:55:08,2017-09-20 18:46:25
56,56,111,Watsica-West,Winonah Hadland,418-222-3333,mmacgillivrie1j@nsw.gov.au,extend out-of-the-box solutions,Merlina MacGillivrie,964-176-4456,mmacgillivrie1j@guardian.co.uk,2017-03-02 01:30:14,2017-09-13 08:09:20
57,57,113,Bailey-Upton,Nedi Spyby,516-588-4809,dstone1k@examiner.com,brand sexy vortals,Dermot Stone,173-429-3993,dstone1k@house.gov,2016-08-09 09:38:12,2018-04-23 16:39:44
58,58,115,Fahey-Koss,Thibaut Mushrow,418-222-3333,tstobbie1l@opera.com,deploy ubiquitous initiatives,Thorpe Stobbie,232-603-1382,tstobbie1l@i2i.jp,2016-10-10 13:13:35,2018-10-25 20:40:18
59,59,117,Greenholt-Ruecker,Brandie Oluwatoyin,418-262-7910mclassen1m@yolasite.com,drive one-to-one eyeballs,Margaret Classen,624-906-8845,mclassen1m@utexas.edu,2016-08-29 09:26:28,2018-12-28 10:48:20
60,60,119,Schiller-Haley,Clive Northidge,418-222-3333,jmcellen1n@mozilla.com,benchmark cross-media e-markets,Jillene McEllen,144-981-0398,jmcellen1n@webs.com,2016-08-17 20:34:07,2018-11-07 04:23:50
61,61,121,O Conner Group,Marylee Dressel,418-222-3333,tmanzell1o@reuters.com,envisioneer sexy web-readiness,Tailor Manzell,760-114-6662,tmanzell1o@xinhuanet.com,2017-04-14 18:42:12,2017-11-21 09:33:45
62,62,123,"Steuber, Johnson and Sawayn",Gasparo Condit,418-222-3333,cruffles1p@boston.com,cultivate 24/7 convergence,Cathrine Ruffles,908-252-4762,cruffles1p@blinklist.com,2016-09-25 14:13:10,2018-07-04 21:57:30
63,63,125,Schroeder-Moen,Adena Sybry,763-849-3656,besson1q@ucla.edu,recontextualize intuitive experiences,Bail Esson,739-836-8056,besson1q@discovery.com,2016-10-23 00:00:16,2018-03-30 17:48:26
64,64,127,Hoppe and Sons,Murdoch Shorie,418-222-3333,sfettis1r@imgur.com,evolve viral models,Sol Fettis,124-358-6904,sfettis1r@sakura.ne.jp,2016-11-03 14:20:48,2018-09-20 08:40:16
65,65,129,Haag Inc,Virge Tynemouth,418-222-3333,fjeannin1s@etsy.com,extend enterprise solutions,Fidelity Jeannin,343-562-5829,fjeannin1s@huffingtonpost.com,2016-11-25 13:10:54,2017-11-14 23:13:03
66,66,131,Dare and Sons,Marlie Betts,418-222-3333,lpheazey1t@edublogs.org,reinvent B2B experiences,Laurianne Pheazey,318-154-9644,lpheazey1t@pbs.org,2016-03-21 06:16:44,2018-11-19 21:24:46
67,67,133,Ruecker and Sons,Candis Caswall,418-222-3333,beake1u@ebay.co.uk,utilize cross-platform vortals,Boonie Eake,663-181-0205,beake1u@vkontakte.ru,2016-08-24 14:06:41,2017-10-28 12:33:29
68,68,135,"DuBuque, Brown and Jaskolski",Minni Shilling,418-222-3333,rstansby1v@epa.gov,syndicate interactive action-items,Rhodie Stansby,805-379-7171,rstansby1v@360.cn,2016-07-18 15:32:17,2017-10-27 17:02:56
69,69,137,Greenfelder-Littel,Nicki Jorck,418-222-3333,mkeepin1w@people.com.cn,morph bleeding-edge experiences,Marilee Keepin,914-145-8952,mkeepin1w@amazonaws.com,2017-05-24 03:54:57,2019-03-07 08:53:25
70,70,139,"Littel, Legros and VonRueden",Ginevra Berkley,418-222-3333,ddo1x@jigsy.com,deliver dynamic applications,Duky Do Rosario,484-219-3282,ddo1x@jalbum.net,2016-12-17 13:01:37,2018-07-30 16:31:39
71,71,141,Bernier-Leannon,Meredeth Markovich,418-222-3333,aesmonde1y@google.es,unleash end-to-end markets,Auberon Esmonde,146-143-7329,aesmonde1y@wisc.edu,2017-01-09 23:38:39,2019-02-06 23:17:06
72,72,143,Flatley Group,Myriam Gorling,530-915-5065,ksainter1z@howstuffworks.com,incentivize frictionless markets,Kipper Sainter,292-417-8249,ksainter1z@pcworld.com,2016-05-25 16:57:09,2019-02-10 08:43:01
73,73,145,Batz-Volkman,Darb Service,445-430-8109,afagge20@yahoo.com,aggregate front-end niches,Alaine Fagge,961-412-1865,afagge20@deliciousdays.com,2017-05-14 20:45:05,2018-06-13 06:56:38
74,74,147,"Rowe, Ernser and Wilderman",Jackelyn Tilbury,418-222-3333,lcrump21@webmd.com,morph back-end action-items,Lowe Crump,848-386-2214,lcrump21@businessweek.com,2016-06-04 10:58:28,2017-07-25 14:01:55
75,75,149,"Stroman, Predovic and Lowe",Angelico Anglin,418-222-3333,ctrowbridge22@reddit.com,target 24/7 markets,Claudine Trowbridge,689-625-6761,ctrowbridge22@spiegel.de,2017-05-27 02:04:09,2019-02-06 08:47:42
76,76,151,Schinner-Littel,Abbi Franklen,418-222-3333,cperott23@ox.ac.uk,extend next-generation bandwidth,Calli Perott,261-246-3639,cperott23@about.me,2016-12-20 13:33:40,2018-10-17 20:38:09
77,77,153,"Conn, Mertz and Breitenberg",Smith McLenaghan,418-222-3333,mruddiforth24@tripod.com,deploy mission-critical partnerships,Mirelle Ruddiforth,649-335-8767,mruddiforth24@creativecommons.org,2016-09-18 16:47:07,2019-03-03 14:36:19
78,78,155,"Strosin, Bechtelar and Funk",Feodora Banister,418-222-3333,kcordero25@ebay.co.uk,deploy killer e-tailers,Kale Cordero,986-512-2101,kcordero25@dailymotion.com,2016-08-25 09:19:44,2019-01-22 01:51:13
79,79,157,"Weber, Stanton and Breitenberg",Appolonia Dedney,418-222-3333,gproudman26@sina.com.cn,incubate enterprise niches,Glynda Proudman,360-184-4945,gproudman26@blogtalkradio.com,2017-04-03 19:48:18,2017-06-19 12:09:16
80,80,159,Skiles Inc,Onfre Abrams,339-539-2163,espender27@yale.edu,seize holistic bandwidth,Elly Spender,931-476-8589,espender27@bing.com,2017-01-27 05:41:56,2017-08-30 11:38:01
81,81,161,"Goldner, Becker and Osinski",Jeffie Nanninini,418-222-3333,lwestman28@plala.or.jp,leverage e-business web-readiness,Lorne Westman,938-423-7551,lwestman28@unc.edu,2016-03-30 23:22:30,2018-05-29 07:51:40
82,82,163,"Marks, Littel and Huel",Merill Gittis,418-222-3333,tschulz29@macromedia.com,seize customized e-markets,Tarrance Schulz,163-167-6361,tschulz29@pbs.org,2017-01-29 02:07:20,2018-07-28 16:16:15
83,83,165,Champlin-Simonis,Forster Awton,418-222-3333,skelwaybamber2a@nps.gov,enable sticky web services,Sharl Kelwaybamber,593-669-1183,skelwaybamber2a@networkadvertising.org,2016-10-05 07:22:24,2019-01-13 15:55:47
84,84,167,"Beatty, Swift and Wyman",Joella Berrey,418-222-3333,petheridge2b@usda.gov,cultivate strategic mindshare,Pembroke Etheridge,525-157-3616,petheridge2b@dailymotion.com,2016-05-20 15:31:58,2018-04-21 10:07:29
85,85,169,Kling-Ziemann,Benjamin De Ferraris,418-222-3333,ccromly2c@slideshare.net,engage granular interfaces,Caldwell Cromly,405-729-6109,ccromly2c@artisteer.com,2017-03-01 22:36:59,2018-12-24 05:24:26
86,86,171,McLaughlin LLC,Farrell Nesbeth,178-930-7378,bburdass2d@plala.or.jp,iterate transparent methodologies,Bryn Burdass,775-328-3557,bburdass2d@cisco.com,2016-12-28 09:22:35,2017-12-28 22:50:39
87,87,173,Considine Group,Melva Kirrens,354-247-6442,thelwig2e@nasa.gov,implement holistic convergence,Torin Helwig,685-530-3524,thelwig2e@phoca.cz,2017-02-07 11:45:52,2018-03-20 12:44:04
88,88,175,Ledner LLC,Ilka Gidney,418-222-3333,tbalme2f@mit.edu,redefine web-enabled infrastructures,Trina Balme,946-910-0004,tbalme2f@sogou.com,2017-01-16 16:37:58,2018-08-13 14:38:04
89,89,177,Hansen-Gerlach,Merrilee Lammerts,551-339-6769,alillegard2g@time.com,implement value-added e-business,Ardene Lillegard,513-122-4686,alillegard2g@salon.com,2016-11-23 21:48:05,2017-06-30 23:55:57
90,90,179,Wolf LLC,Petrina Sturmey,466-918-2533,cburkett2h@ft.com,reintermediate collaborative systems,Claiborne Burkett,205-947-0393,cburkett2h@feedburner.com,2017-05-12 07:30:03,2018-09-29 00:38:35
91,91,181,Gerlach and Sons,Lilli Garm,620-656-6424,mbelson2i@elegantthemes.com,embrace bricks-and-clicks e-business,Marena Belson,719-248-6070,mbelson2i@telegraph.co.uk,2017-03-18 17:21:09,2018-02-09 01:51:40
92,92,183,Miller and Sons,Kalila Kyndred,711-972-6532,jbuy2j@soundcloud.com,enable mission-critical content,Janenna Buy,444-188-8281,jbuy2j@ca.gov,2016-12-22 13:40:03,2018-05-10 09:59:48
93,93,185,"Lind, Crona and Kuhlman",Lorenza Strutz,418-222-3333,cfrazier2k@issuu.com,e-enable virtual e-services,Cornelle Frazier,883-994-4206,cfrazier2k@columbia.edu,2016-04-16 16:40:02,2018-11-11 04:35:37
94,94,187,Labadie Inc,Gracie Kivlin,418-222-3333,kashbe2l@printfriendly.com,revolutionize sticky networks,Kerri Ashbe,241-619-2715,kashbe2l@phpbb.com,2017-05-14 16:08:07,2017-11-06 23:09:45
95,95,189,Gottlieb and Sons,Larisa Colleford,418-222-3333,jleeman2m@360.cn,strategize intuitive methodologies,Josepha Leeman,100-410-3350,jleeman2m@slideshare.net,2016-07-06 01:59:12,2017-09-28 19:28:59
96,96,191,Hackett LLC,Alanson Simonaitis,418-222-3333,alindfors2n@discuz.net,evolve sexy channels,Aurelia Lindfors,186-517-3290,alindfors2n@feedburner.com,2017-02-26 03:43:50,2018-02-26 22:10:51
97,97,193,Ondricka Group,Paddy Kondrat,178-384-2068,mbramford2o@weebly.com,cultivate rich ROI,Merwin Bramford,950-252-8609,mbramford2o@tiny.cc,2016-06-10 22:27:49,2018-07-22 20:47:41
98,98,195,"Gerlach, Donnelly and Jacobi",Dani Bossingham,582-339-3479,doakley2p@bluehost.com,streamline magnetic web-readiness,Deanne Oakley,555-149-5113,doakley2p@wordpress.org,2016-12-19 07:17:15,2018-01-19 05:55:21
99,99,197,Nienow-Morissette,Bink Arch,418-222-3333,hjillitt2q@un.org,reintermediate granular applications,Haywood Jillitt,813-372-0745,hjillitt2q@weibo.com,2016-07-16 12:58:07,2018-07-12 05:53:23
100,100,199,Boyer-Kilback,Bernardina Chadwin,418-222-3333,awhipple2r@goodreads.com,deliver e-business paradigms,Ainslie Whipple,333-842-6529,awhipple2r@illinois.edu,2016-04-26 20:12:38,2019-01-02 12:38:15
101,101,201,Vandervort Group,Pooh Shayes,418-222-3333,ltiley2s@kickstarter.com,strategize holistic communities,Lemmy Tiley,113-748-5507,ltiley2s@plala.or.jp,2017-04-26 05:20:41,2017-08-30 19:18:38
102,102,203,Feeney Inc,Hank Daintree,418-222-3333,gtavinor2t@redcross.org,leverage vertical eyeballs,Gilligan Tavinor,685-996-3714,gtavinor2t@nih.gov,2016-03-19 17:20:46,2018-05-11 13:14:28
103,103,205,"Toy, White and Brown",Paulette Jessop,418-222-3333,ciori2u@ox.ac.uk,harness best-of-breed solutions,Corly Iori,872-900-4776,ciori2u@ebay.com,2016-08-25 09:36:01,2018-12-14 10:25:36
104,104,207,"Gerlach, Mohr and Johns",Uta Dederich,418-222-3333,dmcclancy2v@google.fr,repurpose ubiquitous mindshare,Dion McClancy,953-770-8092,dmcclancy2v@harvard.edu,2016-11-09 03:17:50,2018-07-24 00:38:37
105,105,209,Blanda-Marquardt,Corey Wrightam,418-222-3333,hlook2w@flickr.com,repurpose best-of-breed bandwidth,Hyacinthie Look,963-256-8817,hlook2w@smugmug.com,2016-08-21 00:29:04,2017-09-18 02:35:19
106,106,211,"Stroman, Feil and Crist",Guenna Pendrigh,418-262-7910mjockle2x@latimes.com,envisioneer transparent platforms,Marshal Jockle,166-615-5031,mjockle2x@usa.gov,2017-05-01 14:25:40,2018-07-18 03:32:01
107,107,213,Shanahan-Legros,Erv Wedon,929-398-9330,shedditch2y@time.com,synergize sticky niches,Sophey Hedditch,557-241-5609,shedditch2y@wisc.edu,2016-07-20 02:48:07,2018-04-09 17:19:07
108,108,215,Hyatt-Considine,Albertina Derell,418-262-7910lwyllt2z@usa.gov,mesh strategic infrastructures,Laurena Wyllt,664-623-6564,lwyllt2z@ebay.com,2016-10-29 23:02:18,2017-09-13 00:11:10
109,109,217,Graham-Hackett,Codi Jurewicz,418-262-7910rnelane30@vinaora.com,enable global users,Reggy Nelane,408-595-6523,rnelane30@icio.us,2016-08-16 08:12:29,2018-06-14 17:29:47
110,110,219,Larkin Group,Lynnett Drivers,418-262-7910mgosselin31@purevolume.com,cultivate cross-media schemas,Mary Gosselin,384-954-3763,mgosselin31@storify.com,2016-04-01 12:51:27,2019-01-27 17:42:54
111,111,221,"Ritchie, Russel and Schmidt",Charmane Batrick,418-262-7910bshakelady32@omniture.com,e-enable cross-platform ROI,Boigie Shakelady,631-615-7369,bshakelady32@barnesandnoble.com,2016-05-28 14:35:54,2017-07-20 20:17:05
112,112,223,"Mertz, Funk and Herman",Gisela Kenrat,391-412-6137,uharrowell33@nps.gov,incubate dynamic supply-chains,Ursola Harrowell,438-775-9514,uharrowell33@cpanel.net,2017-03-21 06:35:18,2018-02-12 13:35:03
113,113,225,Cole and Sons,Tresa Husher,418-262-7910cmatisoff34@eepurl.com,implement distributed relationships,Clifford Matisoff,865-825-1415,cmatisoff34@sina.com.cn,2016-09-25 08:43:49,2019-01-04 20:54:47
114,114,227,Lindgren and Sons,Clemmy Jaulmes,806-466-4576,emicco35@miitbeian.gov.cn,drive real-time users,Eldredge Micco,866-507-7519,emicco35@devhub.com,2016-06-11 09:28:55,2018-02-22 15:40:54
115,115,229,Rutherford-Dietrich,Cesya Switsur,418-262-7910epennock36@xinhuanet.com,orchestrate viral infomediaries,Elmer Pennock,628-353-3258,epennock36@msu.edu,2016-09-21 22:18:24,2017-08-02 03:03:21
116,116,231,Haag and Sons,Loree Decourcy,861-969-3449,fwatkiss37@vinaora.com,extend strategic e-tailers,Felipa Watkiss,205-936-1691,fwatkiss37@senate.gov,2017-04-27 08:34:36,2018-12-19 15:57:05
117,117,233,"Littel, Kshlerin and Ruecker",Arin Onele,418-262-7910lpiche38@nyu.edu,visualize value-added networks,Leanor Piche,772-614-0368,lpiche38@instagram.com,2017-05-01 21:05:08,2018-01-09 11:43:47
118,118,235,"Schimmel, Bergnaum and Fay",Kristen Alderwick,418-262-7910sgoodband39@adobe.com,streamline frictionless convergence,Susi Goodband,591-363-5414,sgoodband39@salon.com,2016-05-07 20:57:25,2017-09-29 16:52:28
119,119,237,Thiel-Wolf,Katharyn Brandts,418-262-7910cpitcaithley3a@shop-pro.jp,grow seamless vortals,Chelsie Pitcaithley,935-322-6182,cpitcaithley3a@mac.com,2017-03-31 07:18:17,2018-12-09 19:45:05
120,120,239,"Ernser, Herman and Steuber",Meier Gillfillan,182-815-2878,kcuddy3b@liveinternet.ru,reintermediate impactful models,Korney Cuddy,553-661-9477,kcuddy3b@discovery.com,2016-06-25 18:02:28,2018-05-06 22:45:49
121,121,241,"Schinner, Bauch and Marks",Wilek Surcomb,526-811-9670,baizikowitz3c@hostgator.com,mesh customized applications,Bearnard Aizikowitz,340-916-4209,baizikowitz3c@flavors.me,2017-02-04 08:47:33,2017-07-13 12:33:34
122,122,243,"Walsh, Feil and Reynolds",Jenilee Le Brun,692-990-4376,pmcgiveen3d@paypal.com,incubate bleeding-edge interfaces,Phebe McGiveen,465-830-3154,pmcgiveen3d@geocities.com,2016-08-10 04:13:40,2019-02-21 08:06:45
123,123,245,"Dibbert, Lang and Gerhold",Mychal Calyton,418-262-7910cjados3e@jugem.jp,implement real-time ROI,Carena Jados,470-580-3938,cjados3e@ucoz.com,2016-10-30 07:37:44,2017-11-30 18:21:05
124,124,247,Rolfson-VonRueden,Reid Fries,418-262-7910tdumini3f@ucsd.edu,synergize magnetic convergence,Tania Dumini,224-168-1383,tdumini3f@about.me,2016-04-13 21:35:04,2018-05-23 11:00:03
125,125,249,Ullrich-Renner,Prisca Thow,681-654-6713,swhifen3g@devhub.com,embrace revolutionary e-commerce,Sterne Whifen,252-324-5534,swhifen3g@guardian.co.uk,2016-07-30 02:05:25,2018-07-30 18:34:57
126,126,251,Kub-Stoltenberg,Jessi Colleford,418-262-7910fheaffey3h@hao123.com,architect transparent partnerships,Forrester Heaffey,345-283-7014,fheaffey3h@ask.com,2016-10-02 13:26:45,2017-07-18 01:01:57
127,127,253,"Mayer, Fritsch and Klein",Andriette Gorey,418-262-7910trhydderch3i@studiopress.com,embrace enterprise web-readiness,Tuckie Rhydderch,499-171-1971,trhydderch3i@blogger.com,2016-12-07 05:35:08,2018-12-23 17:23:10
128,128,255,"Schmitt, Parker and Ledner",Sallyann Blacksell,418-262-7910jpawelek3j@hubpages.com,mesh sticky bandwidth,Jorge Pawelek,787-686-3368,jpawelek3j@scribd.com,2016-08-05 03:04:59,2017-09-27 12:22:48
129,129,257,"Greenholt, Beatty and Olson",Templeton Wahlberg,418-262-7910mbutchers3k@angelfire.com,recontextualize real-time web-readiness,Marlo Butchers,678-725-2099,mbutchers3k@va.gov,2017-03-17 12:36:51,2018-11-03 18:13:16
130,130,259,Terry and Sons,Nonnah Nono,418-262-7910rantczak3l@1688.com,extend end-to-end networks,Rosalinde Antczak,877-539-8810,rantczak3l@usa.gov,2016-07-24 12:40:45,2018-05-30 13:40:22
131,131,261,Donnelly-Bins,Hermine Morrid,622-706-3031,gtunmore3m@g.co,strategize e-business communities,Ginevra Tunmore,649-902-8906,gtunmore3m@foxnews.com,2016-12-12 22:42:28,2017-10-04 01:01:51
132,132,263,Mayer-Gleason,Nolie Pumfrett,418-262-7910bmerrgan3n@woothemes.com,enhance value-added applications,Bordy Merrgan,823-383-8177,bmerrgan3n@nhs.uk,2016-11-05 01:07:52,2018-07-05 12:39:08
133,133,265,"Mann, Becker and Friesen",Emalee Pybworth,197-850-4449,ibernardez3o@arstechnica.com,enable dynamic e-business,Isidora Bernardez,100-903-3050,ibernardez3o@yellowbook.com,2016-05-07 14:58:01,2017-08-19 19:30:16
134,134,267,"Runolfsson, Schimmel and Streich",Tamara Grindall,418-262-7910rpedwell3p@archive.org,aggregate innovative vortals,Richie Pedwell,632-163-8587,rpedwell3p@eventbrite.com,2017-04-20 08:20:43,2018-01-29 13:38:55
135,135,269,Jones-DuBuque,Glen Pleming,418-262-7910abartzen3q@cmu.edu,utilize world-class schemas,Arlana Bartzen,240-839-3329,abartzen3q@jalbum.net,2017-02-14 00:36:50,2019-01-07 00:41:56
136,136,271,"Conn, Goodwin and Reichert",Moises De Caville,418-262-7910ccasillas3r@techcrunch.com,transform efficient technologies,Cindee Casillas,965-567-9535,ccasillas3r@arizona.edu,2016-06-22 11:36:49,2018-12-02 03:16:38
137,137,273,Wyman and Sons,Ofella Wibberley,643-809-0414,gnarramore3s@webmd.com,aggregate next-generation deliverables,Guglielma Narramore,388-294-5912,gnarramore3s@odnoklassniki.ru,2016-12-05 13:09:38,2018-02-25 06:01:27
138,138,275,"Price, Schumm and Prohaska",Andi Ohms,418-262-7910amcgaugan3t@imgur.com,seize cross-media metrics,Aridatha McGaugan,213-112-4484,amcgaugan3t@ask.com,2017-05-24 11:12:07,2018-07-16 05:24:30
139,139,277,McCullough and Sons,Hali Scemp,418-262-7910tmandifield3u@rediff.com,embrace integrated models,Tybalt Mandifield,451-274-5240,tmandifield3u@netlog.com,2016-12-01 00:48:39,2019-03-08 23:16:13
140,140,279,Murphy-Crona,Mauricio Rounsefell,301-646-2896,wdusting3v@microsoft.com,grow virtual architectures,Waylan Dusting,889-328-9833,wdusting3v@networkadvertising.org,2016-06-17 03:39:23,2018-03-20 17:27:25
141,141,281,"Hahn, Jakubowski and Durgan",Forrester Pigden,661-535-6965,cmaclaren3w@studiopress.com,exploit B2C supply-chains,Cassandry MacLaren,334-233-2769,cmaclaren3w@abc.net.au,2016-07-27 06:24:20,2018-06-20 02:52:08
142,142,283,Konopelski Group,Yovonnda McEachern,378-681-0038,ccritch3x@topsy.com,synergize visionary communities,Christye Critch,818-379-4487,ccritch3x@squarespace.com,2017-02-03 13:09:32,2018-03-19 12:31:47
143,143,285,"Rath, Mohr and Barton",Emlen Dreinan,418-262-7910rantoniades3y@usatoday.com,repurpose back-end supply-chains,Roshelle Antoniades,357-631-3781,rantoniades3y@auda.org.au,2016-05-22 22:38:56,2017-07-24 20:56:30
144,144,287,Dooley Inc,Anabel Quinton,418-262-7910fmorhall3z@symantec.com,grow end-to-end platforms,Filia Morhall,135-340-0710,fmorhall3z@intel.com,2017-02-26 02:51:24,2018-07-17 06:23:57
145,145,289,Frami Group,Nissy Healey,790-940-9581,bpadly40@usda.gov,incentivize sexy experiences,Bobbette Padly,623-333-0593,bpadly40@desdev.cn,2016-06-16 15:54:52,2019-03-03 17:32:35
146,146,291,Hyatt LLC,Lindsay Bulfit,887-416-7264,qcanape41@goodreads.com,scale synergistic partnerships,Quintilla Canape,572-574-2739,qcanape41@slideshare.net,2016-07-13 00:38:47,2018-11-05 21:47:51
147,147,293,Mayert and Sons,Tisha Blouet,806-599-8945,hgloy42@redcross.org,innovate collaborative portals,Herbie Gloy,335-387-6666,hgloy42@yahoo.com,2016-10-18 01:09:34,2019-01-24 00:11:50
148,148,295,"Marks, Rice and Aufderhar",Heddie Scala,418-262-7910ifeldmark43@g.co,harness bleeding-edge supply-chains,Izabel Feldmark,409-548-8295,ifeldmark43@ucoz.ru,2017-04-29 04:01:26,2017-12-10 20:58:50
149,149,297,Lowe-Gulgowski,Howard Domenge,418-262-7910imumford44@livejournal.com,streamline user-centric schemas,Isa Mumford,688-783-8707,imumford44@sciencedaily.com,2017-06-07 07:58:38,2017-09-07 00:03:02
150,150,299,Wintheiser and Sons,Bar Dickerson,434-248-2607,etubb45@devhub.com,visualize vertical markets,Ellery Tubb,887-505-5507,etubb45@wunderground.com,2016-10-15 04:02:09,2018-09-13 01:53:58
151,151,301,"Gislason, O Conner and Barrows",Gavin Davidovich,418-262-7910nbourchier46@ebay.com,target frictionless schemas,Noll Bourchier,982-288-2426,nbourchier46@state.gov,2017-01-22 10:29:27,2018-07-03 16:33:14
152,152,303,"Ruecker, Weissnat and DuBuque",Carmelina Kemwall,792-510-4616,kburkwood47@newsvine.com,e-enable magnetic synergies,Kiri Burkwood,206-853-0235,kburkwood47@163.com,2017-05-25 17:17:04,2017-08-21 06:30:13
153,153,305,Crist-Lubowitz,Michell Senogles,418-262-7910ofrushard48@mlb.com,iterate synergistic mindshare,Ollie Frushard,916-633-9867,ofrushard48@youtube.com,2016-10-06 07:04:22,2019-01-11 08:25:59
154,154,307,Runolfsson-Bosco,Lyndsie Cribbins,993-273-6120,rwoolger49@blog.com,generate end-to-end relationships,Roseanne Woolger,787-543-8033,rwoolger49@dot.gov,2016-04-27 12:59:26,2019-03-05 19:17:33
155,155,309,McClure-Keebler,Luisa Schorah,418-262-7910shalburton4a@opensource.org,extend e-business web services,Syman Halburton,210-829-9647,shalburton4a@indiegogo.com,2016-08-19 01:44:49,2018-01-30 12:54:12
156,156,311,"Gutmann, Hessel and Shields",Yoshiko Ioannou,418-262-7910pguitonneau4b@unicef.org,engage ubiquitous e-markets,Phillip Guitonneau,127-199-5932,pguitonneau4b@auda.org.au,2016-03-27 14:26:30,2018-09-06 08:11:11
157,157,313,DuBuque-Morar,Bevan Quincey,418-262-7910wwysome4c@flavors.me,generate compelling relationships,Wanda Wysome,407-323-7190,wwysome4c@ftc.gov,2016-10-16 01:48:27,2018-03-06 23:20:45
158,158,315,Wolff LLC,Alvis Bedle,418-262-7910tnardrup4d@utexas.edu,orchestrate synergistic content,Thalia Nardrup,741-985-4601,tnardrup4d@google.fr,2017-04-29 15:16:58,2018-04-28 00:15:37
159,159,317,Trantow Inc,Freddy Spadotto,418-262-7910mthomasson4e@last.fm,drive leading-edge communities,Marieann Thomasson,520-528-4544,mthomasson4e@dmoz.org,2017-03-24 21:41:49,2019-01-29 03:06:29
160,160,319,"Heller, Murazik and Rice",Aluin Borrowman,418-262-7910mfadian4f@disqus.com,utilize enterprise eyeballs,Margie Fadian,779-436-3121,mfadian4f@ucla.edu,2016-12-13 23:05:33,2017-09-25 10:37:21
161,161,321,Kuhn-Hodkiewicz,Robina Oswell,418-262-7910lskittreal4g@marketwatch.com,productize virtual platforms,Linnie Skittreal,819-767-4368,lskittreal4g@amazon.com,2017-02-03 21:35:26,2017-11-25 07:08:02
162,162,323,Rutherford-Runolfsson,Kiah Lambin,328-620-6181,solivari4h@examiner.com,matrix viral web-readiness,Sebastian Olivari,346-752-7030,solivari4h@sogou.com,2016-04-03 11:29:33,2017-09-22 22:12:59
163,163,325,Macejkovic-Kunze,Robenia Escritt,814-737-4648,thassewell4i@nbcnews.com,enhance bricks-and-clicks initiatives,Tina Hassewell,650-625-3498,thassewell4i@yahoo.co.jp,2017-06-02 07:34:40,2018-01-05 05:01:15
164,164,327,Marvin-Zulauf,Vinson Cloute,418-262-7910mcussins4j@pcworld.com,extend efficient e-markets,Marne Cussins,893-329-6562,mcussins4j@ox.ac.uk,2017-05-24 16:04:29,2018-04-19 20:57:22
165,165,329,Bahringer LLC,Remus Mulcahy,418-262-7910hprimarolo4k@opensource.org,empower transparent eyeballs,Hannis Primarolo,745-397-7129,hprimarolo4k@vistaprint.com,2016-12-24 19:02:09,2017-07-18 23:07:28
166,166,331,"Pfeffer, Carroll and Greenfelder",Vergil Wolfarth,418-262-7910sfetherston4l@dailymotion.com,matrix intuitive users,Sabra Fetherston,981-680-7904,sfetherston4l@slashdot.org,2016-12-19 05:59:58,2018-02-14 03:27:22
167,167,333,Russel-Orn,Corrie Trevon,418-262-7910jstaynes4m@exblog.jp,aggregate open-source e-commerce,Jackelyn Staynes,882-274-2933,jstaynes4m@homestead.com,2016-07-06 00:50:03,2019-02-02 15:28:49
168,168,335,"Abshire, Beer and Kirlin",Bryana Lerwell,418-262-7910avowell4n@umich.edu,synergize wireless networks,Angelia Vowell,937-608-7470,avowell4n@etsy.com,2016-07-24 11:37:39,2018-12-22 22:19:01
169,169,337,"Morissette, Stokes and Corkery",Torr Daughtry,418-262-7910hbrito4o@irs.gov,innovate customized communities,Hubie Brito,943-357-1688,hbrito4o@businessinsider.com,2016-05-24 23:43:19,2017-10-15 14:09:12
170,170,339,Medhurst Inc,Bryon Reddlesden,418-262-7910npetrelli4p@shinystat.com,harness magnetic bandwidth,Neddie Petrelli,523-504-2945,npetrelli4p@dmoz.org,2016-11-06 21:00:34,2017-10-20 23:08:35
171,171,341,"Abernathy, Keeling and Swift",Daryl Blaw,418-262-7910rmanilo4q@sciencedirect.com,optimize proactive architectures,Ruprecht Manilo,593-199-3636,rmanilo4q@webs.com,2016-04-01 00:30:56,2017-10-03 11:14:53
172,172,343,King and Sons,Lorry Dreinan,198-335-4864,tpossa4r@uiuc.edu,transform next-generation metrics,Tudor Possa,311-364-9205,tpossa4r@spotify.com,2017-04-14 01:45:58,2017-11-24 13:11:20
173,173,345,Wunsch and Sons,Helga Sparshett,418-262-7910ahowling4s@behance.net,enable revolutionary convergence,Aldric Howling,909-333-9435,ahowling4s@gmpg.org,2016-08-29 12:13:59,2018-01-01 22:59:04
174,174,347,Bosco-Strosin,Valeria Kesper,418-262-7910ccarrodus4t@privacy.gov.au,recontextualize real-time web-readiness,Camilla Carrodus,700-608-2375,ccarrodus4t@surveymonkey.com,2016-08-09 13:34:23,2018-06-12 18:02:00
175,175,349,Champlin-Bechtelar,Godfry Pendreigh,418-262-7910lduff4u@about.me,innovate global networks,Lancelot Duff,411-806-5298,lduff4u@123-reg.co.uk,2016-03-13 19:56:08,2018-11-04 14:57:13
176,176,351,Carter-Haley,Herby Bratton,725-564-2498,smeadowcroft4v@imageshack.us,target end-to-end e-markets,Somerset Meadowcroft,663-412-1293,smeadowcroft4v@arstechnica.com,2016-09-10 04:23:11,2017-08-13 18:10:30
177,177,353,Bashirian-Wuckert,Raynard Cellier,418-262-7910nvasilchikov4w@tumblr.com,repurpose clicks-and-mortar supply-chains,Nicko Vasilchikov,595-537-6892,nvasilchikov4w@bloglines.com,2017-05-09 08:13:29,2017-10-23 12:12:08
178,178,355,Nienow-Wehner,Egor Fouracre,316-137-3205,jwyllcocks4x@hibu.com,revolutionize strategic communities,Juliann Wyllcocks,874-241-4182,jwyllcocks4x@weibo.com,2017-02-28 11:51:16,2018-04-29 13:32:26
179,179,357,Rau Group,Corbett Demann,851-372-3470,kmaro4y@nationalgeographic.com,deploy dot-com action-items,Kale Maro,367-223-0848,kmaro4y@dedecms.com,2016-07-10 11:39:08,2018-09-29 13:08:17
180,180,359,Carroll-Jones,Natty Armell,202-344-2715,mwallworke4z@blinklist.com,benchmark ubiquitous communities,Muriel Wallworke,559-421-8480,mwallworke4z@ftc.gov,2016-10-21 21:27:14,2018-11-11 20:55:42
181,181,361,Swift Group,Logan Leborgne,445-703-9707,sschaben50@storify.com,enhance e-business e-markets,Selina Schaben,223-357-9798,sschaben50@goodreads.com,2016-10-28 22:07:50,2018-09-09 06:02:38
182,182,363,Borer Group,Chickie Iiannone,418-262-7910idonizeau51@rambler.ru,transform bricks-and-clicks web-readiness,Iormina Donizeau,161-237-6772,idonizeau51@twitpic.com,2017-04-09 22:00:42,2017-09-18 01:58:33
183,183,365,"Kunze, O Kon and Balistreri",Cristiano Argue,726-923-2928,bformoy52@mac.com,disintermediate viral web-readiness,Bernardine Formoy,500-745-9086,bformoy52@naver.com,2016-11-18 02:29:53,2018-01-12 02:58:28
184,184,367,"Schamberger, Bosco and Wisoky",Lyman Vasilchikov,224-532-4524,crusk53@mit.edu,enable scalable mindshare,Christiane Rusk,875-834-7498,crusk53@pcworld.com,2017-06-04 16:56:07,2018-04-15 08:09:15
185,185,369,"Ernser, Schowalter and Fay",Beitris Road,418-262-7910amacritchie54@com.com,deliver proactive solutions,Alexandrina MacRitchie,498-273-8797,amacritchie54@ox.ac.uk,2016-12-06 10:44:11,2018-09-11 15:15:17
186,186,371,"Gorczany, Wolf and Hamill",Allys Ronci,418-262-7910tridsdell55@blog.com,streamline e-business e-commerce,Thomasin Ridsdell,398-487-5853,tridsdell55@google.ru,2017-02-22 08:41:48,2018-06-14 15:01:23
187,187,373,Rowe Group,Udall Van der Velden,418-262-7910iberger56@bandcamp.com,facilitate user-centric markets,Isidro Berger,145-802-7567,iberger56@ftc.gov,2016-06-10 17:13:03,2018-07-08 14:31:05
188,188,375,Glover Group,Sheena Scimonelli,418-262-7910aheino57@icio.us,whiteboard cross-platform architectures,Abbott Heino,798-760-0149,aheino57@addtoany.com,2017-04-01 06:54:51,2019-01-13 05:35:43
189,189,377,Abshire-Johnson,Aurilia Seatter,418-262-7910ffleckney58@epa.gov,revolutionize e-business experiences,Felike Fleckney,573-434-9713,ffleckney58@altervista.org,2016-09-08 06:34:53,2018-05-22 10:17:11
190,190,379,Kozey Inc,Harper Purselow,418-262-7910amoxon59@miitbeian.gov.cn,empower rich networks,Artemus Moxon,891-122-7650,amoxon59@wunderground.com,2016-06-24 22:54:36,2018-08-17 06:01:31
191,191,381,"Haag, Crist and Monahan",Kane Postance,697-715-9849,cdurham5a@fc2.com,expedite global partnerships,Caril Durham,630-964-2840,cdurham5a@gov.uk,2016-07-20 17:28:58,2018-02-15 17:18:45
192,192,383,Crist-Volkman,Maxy McGahy,418-262-7910eerrichi5b@microsoft.com,enable wireless networks,Effie Errichi,444-954-6181,eerrichi5b@nbcnews.com,2016-11-19 16:51:00,2018-10-14 07:34:42
193,193,385,Leuschke Inc,Dare Kainz,418-262-7910kminnis5c@cmu.edu,seize 24/7 partnerships,Kristian Minnis,551-178-6630,kminnis5c@reddit.com,2016-11-03 08:42:27,2019-02-17 00:12:43
194,194,387,Daniel-Emard,Essie Kingescot,521-577-4115,dcudbertson5d@purevolume.com,transition magnetic communities,Duke Cudbertson,702-642-6229,dcudbertson5d@acquirethisname.com,2016-11-02 15:00:52,2018-04-29 03:06:48
195,195,389,Kohler Group,Eldridge Geaveny,418-262-7910zbruster5e@sitemeter.com,whiteboard open-source relationships,Zulema Bruster,281-651-3655,zbruster5e@exblog.jp,2016-09-02 01:47:20,2018-05-19 19:52:09
196,196,391,Trantow LLC,Sammie Madden,243-376-8752,rriddel5f@lycos.com,envisioneer bleeding-edge synergies,Robin Riddel,720-872-6883,rriddel5f@patch.com,2016-05-08 22:06:11,2018-10-10 11:47:15
197,197,393,"Pagac, Mayert and Dicki",Karleen Connick,418-262-7910rbrailey5g@opera.com,synthesize innovative architectures,Rupert Brailey,220-242-9444,rbrailey5g@diigo.com,2016-11-13 02:58:35,2018-09-04 22:33:30
198,198,395,Miller-Bradtke,Ferne Bruckent,149-142-9182,ddrummond5h@godaddy.com,synthesize efficient deliverables,Del Drummond,202-915-9292,ddrummond5h@engadget.com,2017-01-20 09:45:30,2017-08-04 22:05:58
199,199,397,Luettgen Inc,Kirstyn Durrell,418-262-7910osidebotham5i@sogou.com,orchestrate leading-edge e-services,Ollie Sidebotham,158-313-8298,osidebotham5i@hud.gov,2017-04-03 09:00:12,2018-06-02 13:06:08
200,200,399,Marvin Inc,Constantina Pagan,418-262-7910driccio5j@mit.edu,implement compelling relationships,Daisi Riccio,366-850-6510,driccio5j@storify.com,2017-03-18 13:04:05,2018-08-23 20:24:47